ID,post_author,post_date,post_date_gmt,post_content,post_title,post_excerpt,post_status,comment_status,ping_status,post_password,post_name,to_ping,pinged,post_modified,post_modified_gmt,post_content_filtered,post_parent,guid,menu_order,post_type,post_mime_type,comment_count
1,1,2013-12-28 12:32:17,2013-12-28 12:32:17,<iframe src="//player.vimeo.com/video/81902814?title=0&amp;byline=0&amp;portrait=0&amp;color=ff0179" height="339" width="604" allowfullscreen="" frameborder="0"></iframe>,The Pilot ,,publish,open,open,,hello-world,,,2013-12-29 21:31:09,2013-12-29 21:31:09,,0,http://localhost:8888/HouseOfDolly/?p=1,0,post,,1
2,1,2013-12-28 12:32:17,2013-12-28 12:32:17,,Home Page,,publish,open,open,,home,,,2013-12-28 19:53:11,2013-12-28 19:53:11,,0,http://localhost:8888/HouseOfDolly/?page_id=2,0,page,,0
4,1,2013-12-28 16:16:18,2013-12-28 16:16:18,,About,,publish,open,open,,about,,,2013-12-28 20:33:21,2013-12-28 20:33:21,,0,http://localhost:8888/HouseOfDolly/?page_id=4,0,page,,0
5,1,2013-12-28 16:16:18,2013-12-28 16:16:18,,About,,inherit,open,open,,4-revision-v1,,,2013-12-28 16:16:18,2013-12-28 16:16:18,,4,http://localhost:8888/HouseOfDolly/?p=5,0,revision,,0
6,1,2013-12-28 16:16:47,2013-12-28 16:16:47,,Films,,publish,open,open,,films,,,2013-12-29 21:06:33,2013-12-29 21:06:33,,0,http://localhost:8888/HouseOfDolly/?page_id=6,0,page,,0
7,1,2013-12-28 16:16:47,2013-12-28 16:16:47,,Films,,inherit,open,open,,6-revision-v1,,,2013-12-28 16:16:47,2013-12-28 16:16:47,,6,http://localhost:8888/HouseOfDolly/6-revision-v1/,0,revision,,0
8,1,2013-12-28 16:16:56,2013-12-28 16:16:56,,Contact,,publish,open,open,,contact,,,2013-12-29 20:40:33,2013-12-29 20:40:33,,0,http://localhost:8888/HouseOfDolly/?page_id=8,0,page,,0
9,1,2013-12-28 16:16:56,2013-12-28 16:16:56,,Contact,,inherit,open,open,,8-revision-v1,,,2013-12-28 16:16:56,2013-12-28 16:16:56,,8,http://localhost:8888/HouseOfDolly/8-revision-v1/,0,revision,,0
10,1,2013-12-28 16:49:56,2013-12-28 16:49:56,,Home Page,,inherit,open,open,,2-revision-v1,,,2013-12-28 16:49:56,2013-12-28 16:49:56,,2,http://localhost:8888/HouseOfDolly/2-revision-v1/,0,revision,,0
11,1,2013-12-28 16:55:14,2013-12-28 16:55:14,,Home Page,,publish,closed,closed,,acf_home-page,,,2013-12-28 17:11:28,2013-12-28 17:11:28,,0,http://localhost:8888/HouseOfDolly/?post_type=acf&#038;p=11,0,acf,,0
12,1,2013-12-28 17:16:08,2013-12-28 17:16:08,,Home Page,,inherit,open,open,,2-revision-v1,,,2013-12-28 17:16:08,2013-12-28 17:16:08,,2,http://localhost:8888/HouseOfDolly/2-revision-v1/,0,revision,,0
13,1,2013-12-28 19:51:59,2013-12-28 19:51:59,,HoD_home,,inherit,open,open,,hod_home,,,2013-12-28 19:51:59,2013-12-28 19:51:59,,2,http://localhost:8888/HouseOfDolly/wp-content/uploads/2013/12/HoD_home.jpg,0,attachment,image/jpeg,0
14,1,2013-12-28 19:52:06,2013-12-28 19:52:06,,Home Page,,inherit,open,open,,2-revision-v1,,,2013-12-28 19:52:06,2013-12-28 19:52:06,,2,http://localhost:8888/HouseOfDolly/2-revision-v1/,0,revision,,0
15,1,2013-12-28 19:53:11,2013-12-28 19:53:11,,Home Page,,inherit,open,open,,2-revision-v1,,,2013-12-28 19:53:11,2013-12-28 19:53:11,,2,http://localhost:8888/HouseOfDolly/2-revision-v1/,0,revision,,0
17,1,2013-12-28 20:20:44,2013-12-28 20:20:44,,About Page,,publish,closed,closed,,acf_about-page,,,2013-12-28 20:40:48,2013-12-28 20:40:48,,0,http://localhost:8888/HouseOfDolly/?post_type=acf&#038;p=17,0,acf,,0
19,1,2013-12-28 20:25:36,2013-12-28 20:25:36,,About Page,,publish,closed,closed,,about-page,,,2013-12-28 20:37:02,2013-12-28 20:37:02,,0,http://localhost:8888/HouseOfDolly/?post_type=about&#038;p=19,0,about,,0
20,1,2013-12-28 20:25:31,2013-12-28 20:25:31,,HoD_about,,inherit,open,open,,hod_about,,,2013-12-28 20:25:31,2013-12-28 20:25:31,,19,http://localhost:8888/HouseOfDolly/wp-content/uploads/2013/12/HoD_about.jpg,0,attachment,image/jpeg,0
22,1,2013-12-29 20:31:54,2013-12-29 20:31:54,,Contact Page,,publish,closed,closed,,contact-page,,,2013-12-29 20:48:06,2013-12-29 20:48:06,,0,http://localhost:8888/HouseOfDolly/?post_type=contact&#038;p=22,0,contact,,0
24,1,2013-12-29 20:34:40,2013-12-29 20:34:40,,Contact Page,,publish,closed,closed,,acf_contact-page,,,2013-12-29 20:34:40,2013-12-29 20:34:40,,0,http://localhost:8888/HouseOfDolly/?post_type=acf&#038;p=24,0,acf,,0
25,1,2013-12-29 20:46:18,2013-12-29 20:46:18,,Films,,publish,closed,closed,,acf_films,,,2013-12-29 20:46:18,2013-12-29 20:46:18,,0,http://localhost:8888/HouseOfDolly/?post_type=acf&#038;p=25,0,acf,,0
26,1,2013-12-29 20:49:09,2013-12-29 20:49:09,Duration: 15:00
Lorem ipsum dolor sit amet, consectetur adipiscing elit. Aliquam arcu sapien, elementum a porta non, iaculis ut nunc. Duis ultrices lobortis tellus, id egestas sapien.,The Pilot ,,inherit,open,open,,1-revision-v1,,,2013-12-29 20:49:09,2013-12-29 20:49:09,,1,http://localhost:8888/HouseOfDolly/1-revision-v1/,0,revision,,0
27,1,2013-12-29 21:22:02,2013-12-29 21:22:02,,The Pilot ,,inherit,open,open,,1-autosave-v1,,,2013-12-29 21:22:02,2013-12-29 21:22:02,,1,http://localhost:8888/HouseOfDolly/1-autosave-v1/,0,revision,,0
28,1,2013-12-29 21:26:21,2013-12-29 21:26:21,&lt;iframe src="//player.vimeo.com/video/81902814?title=0&amp;amp;byline=0&amp;amp;portrait=0&amp;amp;color=ff0179" width="604" height="339" frameborder="0" webkitallowfullscreen mozallowfullscreen allowfullscreen&gt;&lt;/iframe&gt;,The Pilot ,,inherit,open,open,,1-revision-v1,,,2013-12-29 21:26:21,2013-12-29 21:26:21,,1,http://localhost:8888/HouseOfDolly/1-revision-v1/,0,revision,,0
29,1,2013-12-29 21:31:09,2013-12-29 21:31:09,<iframe src="//player.vimeo.com/video/81902814?title=0&amp;byline=0&amp;portrait=0&amp;color=ff0179" height="339" width="604" allowfullscreen="" frameborder="0"></iframe>,The Pilot ,,inherit,open,open,,1-revision-v1,,,2013-12-29 21:31:09,2013-12-29 21:31:09,,1,http://localhost:8888/HouseOfDolly/1-revision-v1/,0,revision,,0
30,1,2013-11-30 13:57:15,2013-11-30 13:57:15,<iframe src="//player.vimeo.com/video/81902814?title=0&amp;byline=0&amp;portrait=0&amp;color=ff0179" height="339" width="604" allowfullscreen="" frameborder="0"></iframe>,First Shot,,publish,open,open,,first-shot,,,2013-12-30 13:57:47,2013-12-30 13:57:47,,0,http://localhost:8888/HouseOfDolly/?p=30,0,post,,0
31,1,2013-12-30 13:57:15,2013-12-30 13:57:15,,First Shot,,inherit,open,open,,30-revision-v1,,,2013-12-30 13:57:15,2013-12-30 13:57:15,,30,http://localhost:8888/HouseOfDolly/30-revision-v1/,0,revision,,0
32,1,2013-12-30 13:57:47,2013-12-30 13:57:47,<iframe src="//player.vimeo.com/video/81902814?title=0&amp;byline=0&amp;portrait=0&amp;color=ff0179" height="339" width="604" allowfullscreen="" frameborder="0"></iframe>,First Shot,,inherit,open,open,,30-revision-v1,,,2013-12-30 13:57:47,2013-12-30 13:57:47,,30,http://localhost:8888/HouseOfDolly/30-revision-v1/,0,revision,,0
